<?xml version="1.0" encoding="UTF-8"?>

<hallgatok>
	<hallgato id="01">
		<keresztnev>Pál</keresztnev>
		<vezeteknev>Kiss</vezeteknev>
		<becenev>Pali</becenev>
		<kor>25</kor>
	</hallgato>
	<hallgato id="02">
		<keresztnev>Piroska</keresztnev>
		<vezeteknev>Vigh</vezeteknev>
		<becenev>Pri</becenev>
		<kor>23</kor>
	</hallgato>
	<hallgato id="03">
		<keresztnev>Ferenc</keresztnev>
		<vezeteknev>Nagy</vezeteknev>
		<becenev>Fecó</becenev>
		<kor>24</kor>
	</hallgato>

</hallgatok>